BEGIN TRANSACTION;
CREATE TABLE IF NOT EXISTS "_geographic_area_ref" (
	"study_id"	INTEGER NOT NULL,
	"area_id"	INTEGER NOT NULL
);
INSERT INTO _geographic_area_ref VALUES(24,1);
INSERT INTO _geographic_area_ref VALUES(36,1);
INSERT INTO _geographic_area_ref VALUES(37,1);
INSERT INTO _geographic_area_ref VALUES(49,1);
INSERT INTO _geographic_area_ref VALUES(61,1);
INSERT INTO _geographic_area_ref VALUES(69,1);
INSERT INTO _geographic_area_ref VALUES(93,1);
INSERT INTO _geographic_area_ref VALUES(100,1);
INSERT INTO _geographic_area_ref VALUES(130,1);
INSERT INTO _geographic_area_ref VALUES(138,1);
INSERT INTO _geographic_area_ref VALUES(166,1);
INSERT INTO _geographic_area_ref VALUES(1,2);
INSERT INTO _geographic_area_ref VALUES(7,2);
INSERT INTO _geographic_area_ref VALUES(35,2);
INSERT INTO _geographic_area_ref VALUES(39,2);
INSERT INTO _geographic_area_ref VALUES(47,2);
INSERT INTO _geographic_area_ref VALUES(54,2);
INSERT INTO _geographic_area_ref VALUES(58,2);
INSERT INTO _geographic_area_ref VALUES(59,2);
INSERT INTO _geographic_area_ref VALUES(80,2);
INSERT INTO _geographic_area_ref VALUES(85,2);
INSERT INTO _geographic_area_ref VALUES(123,2);
INSERT INTO _geographic_area_ref VALUES(127,2);
INSERT INTO _geographic_area_ref VALUES(130,2);
INSERT INTO _geographic_area_ref VALUES(152,2);
INSERT INTO _geographic_area_ref VALUES(158,2);
INSERT INTO _geographic_area_ref VALUES(5,3);
INSERT INTO _geographic_area_ref VALUES(9,3);
INSERT INTO _geographic_area_ref VALUES(11,3);
INSERT INTO _geographic_area_ref VALUES(15,3);
INSERT INTO _geographic_area_ref VALUES(18,3);
INSERT INTO _geographic_area_ref VALUES(19,3);
INSERT INTO _geographic_area_ref VALUES(20,3);
INSERT INTO _geographic_area_ref VALUES(22,3);
INSERT INTO _geographic_area_ref VALUES(33,3);
INSERT INTO _geographic_area_ref VALUES(34,3);
INSERT INTO _geographic_area_ref VALUES(43,3);
INSERT INTO _geographic_area_ref VALUES(46,3);
INSERT INTO _geographic_area_ref VALUES(48,3);
INSERT INTO _geographic_area_ref VALUES(52,3);
INSERT INTO _geographic_area_ref VALUES(53,3);
INSERT INTO _geographic_area_ref VALUES(55,3);
INSERT INTO _geographic_area_ref VALUES(65,3);
INSERT INTO _geographic_area_ref VALUES(79,3);
INSERT INTO _geographic_area_ref VALUES(81,3);
INSERT INTO _geographic_area_ref VALUES(82,3);
INSERT INTO _geographic_area_ref VALUES(84,3);
INSERT INTO _geographic_area_ref VALUES(94,3);
INSERT INTO _geographic_area_ref VALUES(102,3);
INSERT INTO _geographic_area_ref VALUES(135,3);
INSERT INTO _geographic_area_ref VALUES(136,3);
INSERT INTO _geographic_area_ref VALUES(162,3);
INSERT INTO _geographic_area_ref VALUES(6,4);
INSERT INTO _geographic_area_ref VALUES(16,4);
INSERT INTO _geographic_area_ref VALUES(21,4);
INSERT INTO _geographic_area_ref VALUES(29,4);
INSERT INTO _geographic_area_ref VALUES(30,4);
INSERT INTO _geographic_area_ref VALUES(31,4);
INSERT INTO _geographic_area_ref VALUES(32,4);
INSERT INTO _geographic_area_ref VALUES(56,4);
INSERT INTO _geographic_area_ref VALUES(57,4);
INSERT INTO _geographic_area_ref VALUES(66,4);
INSERT INTO _geographic_area_ref VALUES(68,4);
INSERT INTO _geographic_area_ref VALUES(79,4);
INSERT INTO _geographic_area_ref VALUES(88,4);
INSERT INTO _geographic_area_ref VALUES(95,4);
INSERT INTO _geographic_area_ref VALUES(97,4);
INSERT INTO _geographic_area_ref VALUES(99,4);
INSERT INTO _geographic_area_ref VALUES(130,4);
INSERT INTO _geographic_area_ref VALUES(154,4);
INSERT INTO _geographic_area_ref VALUES(163,4);
INSERT INTO _geographic_area_ref VALUES(167,4);
INSERT INTO _geographic_area_ref VALUES(67,5);
INSERT INTO _geographic_area_ref VALUES(78,5);
INSERT INTO _geographic_area_ref VALUES(125,5);
INSERT INTO _geographic_area_ref VALUES(126,5);
INSERT INTO _geographic_area_ref VALUES(161,5);
INSERT INTO _geographic_area_ref VALUES(74,5);
INSERT INTO _geographic_area_ref VALUES(167,3);
INSERT INTO _geographic_area_ref VALUES(168,4);
INSERT INTO _geographic_area_ref VALUES(169,2);
INSERT INTO _geographic_area_ref VALUES(170,4);
INSERT INTO _geographic_area_ref VALUES(171,3);
INSERT INTO _geographic_area_ref VALUES(172,4);
INSERT INTO _geographic_area_ref VALUES(173,1);
INSERT INTO _geographic_area_ref VALUES(173,4);
INSERT INTO _geographic_area_ref VALUES(174,1);
INSERT INTO _geographic_area_ref VALUES(175,1);
INSERT INTO _geographic_area_ref VALUES(176,4);
INSERT INTO _geographic_area_ref VALUES(177,1);
INSERT INTO _geographic_area_ref VALUES(178,3);
CREATE TABLE IF NOT EXISTS "_geographic_area" (
	"area_id"	INTEGER NOT NULL,
	"area_name"	TEXT NOT NULL,
	PRIMARY KEY("area_id")
);
INSERT INTO _geographic_area VALUES(1,'West');
INSERT INTO _geographic_area VALUES(2,'Midwest');
INSERT INTO _geographic_area VALUES(3,'Northeast');
INSERT INTO _geographic_area VALUES(4,'South');
INSERT INTO _geographic_area VALUES(5,'Sample from across all states');
CREATE TABLE IF NOT EXISTS "_systematic_review" (
	"sys_rev_id"	INTEGER NOT NULL,
	"first_author"	TEXT NOT NULL,
	"publish_year"	INTEGER NOT NULL,
	"title"	TEXT NOT NULL,
	"doi"	TEXT,
	PRIMARY KEY("sys_rev_id")
);
INSERT INTO _systematic_review VALUES(1,'Ou',2020,'The Role of Vaccination Interventions to Promote HPV Vaccine Uptake Rates in a College-Aged Population: a Systematic Review','10.1007/s13187-020-01806-1');
INSERT INTO _systematic_review VALUES(2,'Falcone',2019,'Improving influenza immunization rates in the uninsured','10.1097/jxx.0000000000000166');
INSERT INTO _systematic_review VALUES(3,'Niccolai',2015,'Practice- and Community-Based Interventions to Increase Human Papillomavirus Vaccine Coverage','10.1001/jamapediatrics.2015.0310');
INSERT INTO _systematic_review VALUES(4,'Jarrett',2015,'Strategies for addressing vaccine hesitancy – A systematic review','10.1016/j.vaccine.2015.04.040');
INSERT INTO _systematic_review VALUES(5,'Nour',2019,'A Systematic Review of Methods to Improve Attitudes Towards Childhood Vaccinations','10.7759/cureus.5067');
INSERT INTO _systematic_review VALUES(6,'Smulian',2016,'Interventions to increase HPV vaccination coverage: A systematic review','10.1080/21645515.2015.1125055');
INSERT INTO _systematic_review VALUES(7,'Ortiz',2019,'A systematic literature review to examine the potential for social media to impact HPV vaccine uptake and awareness, knowledge, and attitudes about HPV and HPV vaccination','10.1080/21645515.2019.1581543');
INSERT INTO _systematic_review VALUES(8,'Odone',2015,'Effectiveness of interventions that apply new media to improve vaccine uptake and vaccine coverage','10.4161/hv.34313');
INSERT INTO _systematic_review VALUES(9,'Crocker-Buque',2017,'Interventions to reduce inequalities in vaccine uptake in children and adolescents aged <19 years: a systematic review','10.1136/jech-2016-207572');
INSERT INTO _systematic_review VALUES(10,'Lott',2020,'Interventions to increase uptake of Human Papillomavirus (HPV) vaccination in minority populations: A systematic review','10.1016/j.pmedr.2020.101163');
INSERT INTO _systematic_review VALUES(11,'Asare',2021,'Internal and External Validity of Social Media and Mobile Technology-Driven HPV Vaccination Interventions: Systematic Review Using the Reach, Effectiveness, Adoption,Implementation, Maintenance (RE-AIM) Framework','10.3390/vaccines9030197');
INSERT INTO _systematic_review VALUES(12,'Null',0,'',NULL);
CREATE TABLE IF NOT EXISTS "_modality_ref" (
	"study_id"	INTEGER NOT NULL,
	"modality_id"	INTEGER NOT NULL
);
INSERT INTO _modality_ref VALUES(1,16);
INSERT INTO _modality_ref VALUES(9,16);
INSERT INTO _modality_ref VALUES(14,16);
INSERT INTO _modality_ref VALUES(18,16);
INSERT INTO _modality_ref VALUES(18,16);
INSERT INTO _modality_ref VALUES(19,16);
INSERT INTO _modality_ref VALUES(21,16);
INSERT INTO _modality_ref VALUES(22,16);
INSERT INTO _modality_ref VALUES(33,16);
INSERT INTO _modality_ref VALUES(34,16);
INSERT INTO _modality_ref VALUES(43,16);
INSERT INTO _modality_ref VALUES(47,16);
INSERT INTO _modality_ref VALUES(52,16);
INSERT INTO _modality_ref VALUES(67,16);
INSERT INTO _modality_ref VALUES(68,16);
INSERT INTO _modality_ref VALUES(97,16);
INSERT INTO _modality_ref VALUES(130,16);
INSERT INTO _modality_ref VALUES(135,16);
INSERT INTO _modality_ref VALUES(24,17);
INSERT INTO _modality_ref VALUES(36,17);
INSERT INTO _modality_ref VALUES(37,17);
INSERT INTO _modality_ref VALUES(46,17);
INSERT INTO _modality_ref VALUES(49,17);
INSERT INTO _modality_ref VALUES(58,17);
INSERT INTO _modality_ref VALUES(61,17);
INSERT INTO _modality_ref VALUES(102,17);
INSERT INTO _modality_ref VALUES(130,17);
INSERT INTO _modality_ref VALUES(154,17);
INSERT INTO _modality_ref VALUES(162,17);
INSERT INTO _modality_ref VALUES(24,18);
INSERT INTO _modality_ref VALUES(33,18);
INSERT INTO _modality_ref VALUES(34,18);
INSERT INTO _modality_ref VALUES(37,18);
INSERT INTO _modality_ref VALUES(46,18);
INSERT INTO _modality_ref VALUES(47,18);
INSERT INTO _modality_ref VALUES(48,18);
INSERT INTO _modality_ref VALUES(58,18);
INSERT INTO _modality_ref VALUES(66,18);
INSERT INTO _modality_ref VALUES(88,18);
INSERT INTO _modality_ref VALUES(90,18);
INSERT INTO _modality_ref VALUES(94,18);
INSERT INTO _modality_ref VALUES(102,18);
INSERT INTO _modality_ref VALUES(138,18);
INSERT INTO _modality_ref VALUES(32,19);
INSERT INTO _modality_ref VALUES(36,19);
INSERT INTO _modality_ref VALUES(47,19);
INSERT INTO _modality_ref VALUES(52,19);
INSERT INTO _modality_ref VALUES(33,20);
INSERT INTO _modality_ref VALUES(34,20);
INSERT INTO _modality_ref VALUES(49,20);
INSERT INTO _modality_ref VALUES(67,20);
INSERT INTO _modality_ref VALUES(68,20);
INSERT INTO _modality_ref VALUES(33,21);
INSERT INTO _modality_ref VALUES(5,22);
INSERT INTO _modality_ref VALUES(6,22);
INSERT INTO _modality_ref VALUES(7,22);
INSERT INTO _modality_ref VALUES(11,22);
INSERT INTO _modality_ref VALUES(21,22);
INSERT INTO _modality_ref VALUES(33,22);
INSERT INTO _modality_ref VALUES(34,22);
INSERT INTO _modality_ref VALUES(55,23);
INSERT INTO _modality_ref VALUES(89,23);
INSERT INTO _modality_ref VALUES(94,23);
INSERT INTO _modality_ref VALUES(15,27);
INSERT INTO _modality_ref VALUES(29,27);
INSERT INTO _modality_ref VALUES(67,27);
INSERT INTO _modality_ref VALUES(162,27);
INSERT INTO _modality_ref VALUES(166,27);
INSERT INTO _modality_ref VALUES(16,24);
INSERT INTO _modality_ref VALUES(21,5);
INSERT INTO _modality_ref VALUES(22,5);
INSERT INTO _modality_ref VALUES(29,5);
INSERT INTO _modality_ref VALUES(30,5);
INSERT INTO _modality_ref VALUES(32,5);
INSERT INTO _modality_ref VALUES(33,5);
INSERT INTO _modality_ref VALUES(34,5);
INSERT INTO _modality_ref VALUES(81,5);
INSERT INTO _modality_ref VALUES(82,5);
INSERT INTO _modality_ref VALUES(85,5);
INSERT INTO _modality_ref VALUES(90,5);
INSERT INTO _modality_ref VALUES(123,13);
INSERT INTO _modality_ref VALUES(22,2);
INSERT INTO _modality_ref VALUES(24,2);
INSERT INTO _modality_ref VALUES(46,2);
INSERT INTO _modality_ref VALUES(57,2);
INSERT INTO _modality_ref VALUES(78,3);
INSERT INTO _modality_ref VALUES(88,2);
INSERT INTO _modality_ref VALUES(90,2);
INSERT INTO _modality_ref VALUES(93,2);
INSERT INTO _modality_ref VALUES(95,2);
INSERT INTO _modality_ref VALUES(123,2);
INSERT INTO _modality_ref VALUES(152,2);
INSERT INTO _modality_ref VALUES(154,2);
INSERT INTO _modality_ref VALUES(165,2);
INSERT INTO _modality_ref VALUES(58,29);
INSERT INTO _modality_ref VALUES(59,29);
INSERT INTO _modality_ref VALUES(138,29);
INSERT INTO _modality_ref VALUES(32,4);
INSERT INTO _modality_ref VALUES(94,4);
INSERT INTO _modality_ref VALUES(138,4);
INSERT INTO _modality_ref VALUES(151,4);
INSERT INTO _modality_ref VALUES(56,12);
INSERT INTO _modality_ref VALUES(57,12);
INSERT INTO _modality_ref VALUES(66,12);
INSERT INTO _modality_ref VALUES(69,12);
INSERT INTO _modality_ref VALUES(84,12);
INSERT INTO _modality_ref VALUES(79,7);
INSERT INTO _modality_ref VALUES(94,7);
INSERT INTO _modality_ref VALUES(30,30);
INSERT INTO _modality_ref VALUES(31,30);
INSERT INTO _modality_ref VALUES(36,30);
INSERT INTO _modality_ref VALUES(37,30);
INSERT INTO _modality_ref VALUES(30,31);
INSERT INTO _modality_ref VALUES(95,31);
INSERT INTO _modality_ref VALUES(80,6);
INSERT INTO _modality_ref VALUES(30,15);
INSERT INTO _modality_ref VALUES(65,28);
INSERT INTO _modality_ref VALUES(81,28);
INSERT INTO _modality_ref VALUES(88,28);
INSERT INTO _modality_ref VALUES(136,28);
INSERT INTO _modality_ref VALUES(32,9);
INSERT INTO _modality_ref VALUES(88,10);
INSERT INTO _modality_ref VALUES(158,10);
INSERT INTO _modality_ref VALUES(151,11);
INSERT INTO _modality_ref VALUES(33,26);
INSERT INTO _modality_ref VALUES(34,26);
INSERT INTO _modality_ref VALUES(93,26);
INSERT INTO _modality_ref VALUES(99,26);
INSERT INTO _modality_ref VALUES(33,1);
INSERT INTO _modality_ref VALUES(34,1);
INSERT INTO _modality_ref VALUES(125,14);
INSERT INTO _modality_ref VALUES(126,14);
INSERT INTO _modality_ref VALUES(127,14);
INSERT INTO _modality_ref VALUES(130,25);
INSERT INTO _modality_ref VALUES(161,32);
INSERT INTO _modality_ref VALUES(162,25);
INSERT INTO _modality_ref VALUES(163,25);
INSERT INTO _modality_ref VALUES(165,25);
INSERT INTO _modality_ref VALUES(166,25);
INSERT INTO _modality_ref VALUES(74,8);
INSERT INTO _modality_ref VALUES(167,6);
INSERT INTO _modality_ref VALUES(168,4);
INSERT INTO _modality_ref VALUES(168,5);
INSERT INTO _modality_ref VALUES(168,25);
INSERT INTO _modality_ref VALUES(169,6);
INSERT INTO _modality_ref VALUES(169,16);
INSERT INTO _modality_ref VALUES(170,6);
INSERT INTO _modality_ref VALUES(170,16);
INSERT INTO _modality_ref VALUES(170,20);
INSERT INTO _modality_ref VALUES(171,6);
INSERT INTO _modality_ref VALUES(171,25);
INSERT INTO _modality_ref VALUES(172,6);
INSERT INTO _modality_ref VALUES(172,25);
INSERT INTO _modality_ref VALUES(173,6);
INSERT INTO _modality_ref VALUES(173,25);
INSERT INTO _modality_ref VALUES(174,6);
INSERT INTO _modality_ref VALUES(174,25);
INSERT INTO _modality_ref VALUES(175,6);
INSERT INTO _modality_ref VALUES(175,25);
INSERT INTO _modality_ref VALUES(176,2);
INSERT INTO _modality_ref VALUES(176,5);
INSERT INTO _modality_ref VALUES(176,6);
INSERT INTO _modality_ref VALUES(176,25);
INSERT INTO _modality_ref VALUES(177,2);
INSERT INTO _modality_ref VALUES(177,5);
INSERT INTO _modality_ref VALUES(177,6);
INSERT INTO _modality_ref VALUES(177,25);
INSERT INTO _modality_ref VALUES(177,28);
INSERT INTO _modality_ref VALUES(178,2);
INSERT INTO _modality_ref VALUES(178,5);
INSERT INTO _modality_ref VALUES(178,6);
INSERT INTO _modality_ref VALUES(178,20);
INSERT INTO _modality_ref VALUES(178,26);
INSERT INTO _modality_ref VALUES(20,2);
INSERT INTO _modality_ref VALUES(20,4);
INSERT INTO _modality_ref VALUES(20,17);
INSERT INTO _modality_ref VALUES(20,18);
INSERT INTO _modality_ref VALUES(35,5);
INSERT INTO _modality_ref VALUES(35,33);
INSERT INTO _modality_ref VALUES(39,17);
INSERT INTO _modality_ref VALUES(53,16);
INSERT INTO _modality_ref VALUES(54,16);
INSERT INTO _modality_ref VALUES(54,23);
INSERT INTO _modality_ref VALUES(63,2);
INSERT INTO _modality_ref VALUES(100,17);
INSERT INTO _modality_ref VALUES(100,18);
INSERT INTO _modality_ref VALUES(67,25);
INSERT INTO _modality_ref VALUES(178,25);
CREATE TABLE IF NOT EXISTS "_modality" (
	"modality_id"	INTEGER NOT NULL,
	"modality_name"	TEXT NOT NULL,
	"modality_specification"	TEXT,
	"modality_description"	TEXT,
	PRIMARY KEY("modality_id")
);
INSERT INTO _modality VALUES(1,'Contest',NULL,NULL);
INSERT INTO _modality VALUES(2,'Education','In-person for patients',NULL);
INSERT INTO _modality VALUES(3,'Education','In-person for patients','during visit');
INSERT INTO _modality VALUES(4,'Education','In-person for provider',NULL);
INSERT INTO _modality VALUES(5,'Education','Paper-based materials',NULL);
INSERT INTO _modality VALUES(6,'Education','Web-based for patients',NULL);
INSERT INTO _modality VALUES(7,'Education','Web-based for provider',NULL);
INSERT INTO _modality VALUES(8,'FGI with providers','',NULL);
INSERT INTO _modality VALUES(9,'Incentives','Financial to patients','');
INSERT INTO _modality VALUES(10,'Incentives','Financial to patients','free vaccine');
INSERT INTO _modality VALUES(11,'Incentives','to clinic',NULL);
INSERT INTO _modality VALUES(12,'Interactive computer program',NULL,NULL);
INSERT INTO _modality VALUES(13,'Photos',NULL,NULL);
INSERT INTO _modality VALUES(14,'Policy',NULL,NULL);
INSERT INTO _modality VALUES(15,'Radio',NULL,NULL);
INSERT INTO _modality VALUES(16,'Reminder','Text reminder to patients',NULL);
INSERT INTO _modality VALUES(17,'Reminder','Mail',NULL);
INSERT INTO _modality VALUES(18,'Reminder','Telephone call',NULL);
INSERT INTO _modality VALUES(19,'Reminder','Card',NULL);
INSERT INTO _modality VALUES(20,'Reminder','Email',NULL);
INSERT INTO _modality VALUES(21,'Reminder','Physician reminder phone call',NULL);
INSERT INTO _modality VALUES(22,'Reminder','Physician reminder in clinical system',NULL);
INSERT INTO _modality VALUES(23,'Reminder','EHR prompt during the visit',NULL);
INSERT INTO _modality VALUES(24,'Reminder','Smart phone application',NULL);
INSERT INTO _modality VALUES(25,'Social Media',NULL,NULL);
INSERT INTO _modality VALUES(26,'Vaccine clinic',NULL,NULL);
INSERT INTO _modality VALUES(27,'Vaccine websites',NULL,NULL);
INSERT INTO _modality VALUES(28,'Video',NULL,NULL);
INSERT INTO _modality VALUES(29,'Visit(outreach)',NULL,NULL);
INSERT INTO _modality VALUES(30,'Webinar','For providers',NULL);
INSERT INTO _modality VALUES(31,'Webinar','For patients using video',NULL);
INSERT INTO _modality VALUES(32,'Social Media',NULL,'in persion experiment on a mocked Twitter');
INSERT INTO _modality VALUES(33,'Reminder','EHR prompt during the visit','new templates');
CREATE TABLE IF NOT EXISTS "_outcome_ref" (
	"study_id"	INTEGER NOT NULL,
	"outcome_id"	INTEGER NOT NULL
);
INSERT INTO _outcome_ref VALUES(1,17);
INSERT INTO _outcome_ref VALUES(5,17);
INSERT INTO _outcome_ref VALUES(6,17);
INSERT INTO _outcome_ref VALUES(7,17);
INSERT INTO _outcome_ref VALUES(14,17);
INSERT INTO _outcome_ref VALUES(16,17);
INSERT INTO _outcome_ref VALUES(18,17);
INSERT INTO _outcome_ref VALUES(19,17);
INSERT INTO _outcome_ref VALUES(20,17);
INSERT INTO _outcome_ref VALUES(21,17);
INSERT INTO _outcome_ref VALUES(24,17);
INSERT INTO _outcome_ref VALUES(30,17);
INSERT INTO _outcome_ref VALUES(31,17);
INSERT INTO _outcome_ref VALUES(32,17);
INSERT INTO _outcome_ref VALUES(33,17);
INSERT INTO _outcome_ref VALUES(34,17);
INSERT INTO _outcome_ref VALUES(35,17);
INSERT INTO _outcome_ref VALUES(46,17);
INSERT INTO _outcome_ref VALUES(47,17);
INSERT INTO _outcome_ref VALUES(48,17);
INSERT INTO _outcome_ref VALUES(49,17);
INSERT INTO _outcome_ref VALUES(53,17);
INSERT INTO _outcome_ref VALUES(55,17);
INSERT INTO _outcome_ref VALUES(56,17);
INSERT INTO _outcome_ref VALUES(78,17);
INSERT INTO _outcome_ref VALUES(79,17);
INSERT INTO _outcome_ref VALUES(80,17);
INSERT INTO _outcome_ref VALUES(85,17);
INSERT INTO _outcome_ref VALUES(89,17);
INSERT INTO _outcome_ref VALUES(94,17);
INSERT INTO _outcome_ref VALUES(95,17);
INSERT INTO _outcome_ref VALUES(102,17);
INSERT INTO _outcome_ref VALUES(125,17);
INSERT INTO _outcome_ref VALUES(136,17);
INSERT INTO _outcome_ref VALUES(152,17);
INSERT INTO _outcome_ref VALUES(161,17);
INSERT INTO _outcome_ref VALUES(163,17);
INSERT INTO _outcome_ref VALUES(165,17);
INSERT INTO _outcome_ref VALUES(22,18);
INSERT INTO _outcome_ref VALUES(24,18);
INSERT INTO _outcome_ref VALUES(36,18);
INSERT INTO _outcome_ref VALUES(52,18);
INSERT INTO _outcome_ref VALUES(54,18);
INSERT INTO _outcome_ref VALUES(57,18);
INSERT INTO _outcome_ref VALUES(63,18);
INSERT INTO _outcome_ref VALUES(66,18);
INSERT INTO _outcome_ref VALUES(67,18);
INSERT INTO _outcome_ref VALUES(90,18);
INSERT INTO _outcome_ref VALUES(100,18);
INSERT INTO _outcome_ref VALUES(123,18);
INSERT INTO _outcome_ref VALUES(126,18);
INSERT INTO _outcome_ref VALUES(135,18);
INSERT INTO _outcome_ref VALUES(138,18);
INSERT INTO _outcome_ref VALUES(151,18);
INSERT INTO _outcome_ref VALUES(154,18);
INSERT INTO _outcome_ref VALUES(162,18);
INSERT INTO _outcome_ref VALUES(11,19);
INSERT INTO _outcome_ref VALUES(22,19);
INSERT INTO _outcome_ref VALUES(54,19);
INSERT INTO _outcome_ref VALUES(57,19);
INSERT INTO _outcome_ref VALUES(59,19);
INSERT INTO _outcome_ref VALUES(61,19);
INSERT INTO _outcome_ref VALUES(66,19);
INSERT INTO _outcome_ref VALUES(67,19);
INSERT INTO _outcome_ref VALUES(68,19);
INSERT INTO _outcome_ref VALUES(69,19);
INSERT INTO _outcome_ref VALUES(88,19);
INSERT INTO _outcome_ref VALUES(90,19);
INSERT INTO _outcome_ref VALUES(97,19);
INSERT INTO _outcome_ref VALUES(100,19);
INSERT INTO _outcome_ref VALUES(123,19);
INSERT INTO _outcome_ref VALUES(127,19);
INSERT INTO _outcome_ref VALUES(130,19);
INSERT INTO _outcome_ref VALUES(138,19);
INSERT INTO _outcome_ref VALUES(151,19);
INSERT INTO _outcome_ref VALUES(158,19);
INSERT INTO _outcome_ref VALUES(162,19);
INSERT INTO _outcome_ref VALUES(9,20);
INSERT INTO _outcome_ref VALUES(20,20);
INSERT INTO _outcome_ref VALUES(21,20);
INSERT INTO _outcome_ref VALUES(36,20);
INSERT INTO _outcome_ref VALUES(37,20);
INSERT INTO _outcome_ref VALUES(43,20);
INSERT INTO _outcome_ref VALUES(49,20);
INSERT INTO _outcome_ref VALUES(52,20);
INSERT INTO _outcome_ref VALUES(54,20);
INSERT INTO _outcome_ref VALUES(58,20);
INSERT INTO _outcome_ref VALUES(130,20);
INSERT INTO _outcome_ref VALUES(158,20);
INSERT INTO _outcome_ref VALUES(15,3);
INSERT INTO _outcome_ref VALUES(82,3);
INSERT INTO _outcome_ref VALUES(82,4);
INSERT INTO _outcome_ref VALUES(15,5);
INSERT INTO _outcome_ref VALUES(22,5);
INSERT INTO _outcome_ref VALUES(29,5);
INSERT INTO _outcome_ref VALUES(65,5);
INSERT INTO _outcome_ref VALUES(82,5);
INSERT INTO _outcome_ref VALUES(161,5);
INSERT INTO _outcome_ref VALUES(29,6);
INSERT INTO _outcome_ref VALUES(162,6);
INSERT INTO _outcome_ref VALUES(166,6);
INSERT INTO _outcome_ref VALUES(1,7);
INSERT INTO _outcome_ref VALUES(15,7);
INSERT INTO _outcome_ref VALUES(29,7);
INSERT INTO _outcome_ref VALUES(57,7);
INSERT INTO _outcome_ref VALUES(81,7);
INSERT INTO _outcome_ref VALUES(82,7);
INSERT INTO _outcome_ref VALUES(85,7);
INSERT INTO _outcome_ref VALUES(88,7);
INSERT INTO _outcome_ref VALUES(93,7);
INSERT INTO _outcome_ref VALUES(166,7);
INSERT INTO _outcome_ref VALUES(66,2);
INSERT INTO _outcome_ref VALUES(82,2);
INSERT INTO _outcome_ref VALUES(63,21);
INSERT INTO _outcome_ref VALUES(68,21);
INSERT INTO _outcome_ref VALUES(80,21);
INSERT INTO _outcome_ref VALUES(81,21);
INSERT INTO _outcome_ref VALUES(161,21);
INSERT INTO _outcome_ref VALUES(163,21);
INSERT INTO _outcome_ref VALUES(165,21);
INSERT INTO _outcome_ref VALUES(166,21);
INSERT INTO _outcome_ref VALUES(1,13);
INSERT INTO _outcome_ref VALUES(6,13);
INSERT INTO _outcome_ref VALUES(16,13);
INSERT INTO _outcome_ref VALUES(65,13);
INSERT INTO _outcome_ref VALUES(84,13);
INSERT INTO _outcome_ref VALUES(154,13);
INSERT INTO _outcome_ref VALUES(65,1);
INSERT INTO _outcome_ref VALUES(81,1);
INSERT INTO _outcome_ref VALUES(84,1);
INSERT INTO _outcome_ref VALUES(7,11);
INSERT INTO _outcome_ref VALUES(11,11);
INSERT INTO _outcome_ref VALUES(14,11);
INSERT INTO _outcome_ref VALUES(19,11);
INSERT INTO _outcome_ref VALUES(20,11);
INSERT INTO _outcome_ref VALUES(36,11);
INSERT INTO _outcome_ref VALUES(37,11);
INSERT INTO _outcome_ref VALUES(39,11);
INSERT INTO _outcome_ref VALUES(43,11);
INSERT INTO _outcome_ref VALUES(49,11);
INSERT INTO _outcome_ref VALUES(54,11);
INSERT INTO _outcome_ref VALUES(57,11);
INSERT INTO _outcome_ref VALUES(61,11);
INSERT INTO _outcome_ref VALUES(65,11);
INSERT INTO _outcome_ref VALUES(79,11);
INSERT INTO _outcome_ref VALUES(88,11);
INSERT INTO _outcome_ref VALUES(94,11);
INSERT INTO _outcome_ref VALUES(95,11);
INSERT INTO _outcome_ref VALUES(99,11);
INSERT INTO _outcome_ref VALUES(100,11);
INSERT INTO _outcome_ref VALUES(130,11);
INSERT INTO _outcome_ref VALUES(125,12);
INSERT INTO _outcome_ref VALUES(126,12);
INSERT INTO _outcome_ref VALUES(127,12);
INSERT INTO _outcome_ref VALUES(24,9);
INSERT INTO _outcome_ref VALUES(46,9);
INSERT INTO _outcome_ref VALUES(102,9);
INSERT INTO _outcome_ref VALUES(36,10);
INSERT INTO _outcome_ref VALUES(37,10);
INSERT INTO _outcome_ref VALUES(47,10);
INSERT INTO _outcome_ref VALUES(49,10);
INSERT INTO _outcome_ref VALUES(58,10);
INSERT INTO _outcome_ref VALUES(93,10);
INSERT INTO _outcome_ref VALUES(100,10);
INSERT INTO _outcome_ref VALUES(59,14);
INSERT INTO _outcome_ref VALUES(152,16);
INSERT INTO _outcome_ref VALUES(161,15);
INSERT INTO _outcome_ref VALUES(74,8);
INSERT INTO _outcome_ref VALUES(167,5);
INSERT INTO _outcome_ref VALUES(167,17);
INSERT INTO _outcome_ref VALUES(167,21);
INSERT INTO _outcome_ref VALUES(168,17);
INSERT INTO _outcome_ref VALUES(169,17);
INSERT INTO _outcome_ref VALUES(170,17);
INSERT INTO _outcome_ref VALUES(170,21);
INSERT INTO _outcome_ref VALUES(171,5);
INSERT INTO _outcome_ref VALUES(171,7);
INSERT INTO _outcome_ref VALUES(171,21);
INSERT INTO _outcome_ref VALUES(172,5);
INSERT INTO _outcome_ref VALUES(172,7);
INSERT INTO _outcome_ref VALUES(172,21);
INSERT INTO _outcome_ref VALUES(173,5);
INSERT INTO _outcome_ref VALUES(173,7);
INSERT INTO _outcome_ref VALUES(173,21);
INSERT INTO _outcome_ref VALUES(174,17);
INSERT INTO _outcome_ref VALUES(175,5);
INSERT INTO _outcome_ref VALUES(175,7);
INSERT INTO _outcome_ref VALUES(176,17);
INSERT INTO _outcome_ref VALUES(177,1);
INSERT INTO _outcome_ref VALUES(177,5);
INSERT INTO _outcome_ref VALUES(177,17);
INSERT INTO _outcome_ref VALUES(178,17);
CREATE TABLE IF NOT EXISTS "_outcome" (
	"outcome_id"	INTEGER NOT NULL,
	"outcome_name"	TEXT NOT NULL,
	"outcome_specification"	TEXT,
	PRIMARY KEY("outcome_id")
);
INSERT INTO _outcome VALUES(1,'Acceptability',NULL);
INSERT INTO _outcome VALUES(2,'Barrier',NULL);
INSERT INTO _outcome VALUES(3,'Behavioral','risk perception');
INSERT INTO _outcome VALUES(4,'Behavioral','benefit perception');
INSERT INTO _outcome VALUES(5,'Behavioral','attitude by patient');
INSERT INTO _outcome VALUES(6,'Behavioral','awareness');
INSERT INTO _outcome VALUES(7,'Behavioral','intention');
INSERT INTO _outcome VALUES(8,'Behavioral','measure physicians'' attitudes');
INSERT INTO _outcome VALUES(9,'Care Visit',NULL);
INSERT INTO _outcome VALUES(10,'Cost Efficiency',NULL);
INSERT INTO _outcome VALUES(11,'Effectiveness','intervention methods');
INSERT INTO _outcome VALUES(12,'Effectiveness','policy');
INSERT INTO _outcome VALUES(13,'Feasibility',NULL);
INSERT INTO _outcome VALUES(14,'Health Status',NULL);
INSERT INTO _outcome VALUES(15,'Health Tests Rate',NULL);
INSERT INTO _outcome VALUES(16,'Identify Under-immunized Children',NULL);
INSERT INTO _outcome VALUES(17,'Immunization Rate','uptake and coverage');
INSERT INTO _outcome VALUES(18,'Immunization Rate','Initialize');
INSERT INTO _outcome VALUES(19,'Immunization Rate','completed');
INSERT INTO _outcome VALUES(20,'Immunization Rate','on-time, UTD');
INSERT INTO _outcome VALUES(21,'Knowledge',NULL);
CREATE TABLE IF NOT EXISTS "_research_year_ref" (
	"study_id"	INTEGER NOT NULL,
	"research_year"	INTEGER NOT NULL
);
INSERT INTO _research_year_ref VALUES(7,1998);
INSERT INTO _research_year_ref VALUES(5,1999);
INSERT INTO _research_year_ref VALUES(7,1999);
INSERT INTO _research_year_ref VALUES(24,2004);
INSERT INTO _research_year_ref VALUES(24,2005);
INSERT INTO _research_year_ref VALUES(6,2006);
INSERT INTO _research_year_ref VALUES(20,2006);
INSERT INTO _research_year_ref VALUES(24,2006);
INSERT INTO _research_year_ref VALUES(158,2006);
INSERT INTO _research_year_ref VALUES(6,2007);
INSERT INTO _research_year_ref VALUES(20,2007);
INSERT INTO _research_year_ref VALUES(21,2007);
INSERT INTO _research_year_ref VALUES(46,2007);
INSERT INTO _research_year_ref VALUES(54,2007);
INSERT INTO _research_year_ref VALUES(58,2007);
INSERT INTO _research_year_ref VALUES(85,2007);
INSERT INTO _research_year_ref VALUES(158,2007);
INSERT INTO _research_year_ref VALUES(21,2008);
INSERT INTO _research_year_ref VALUES(35,2008);
INSERT INTO _research_year_ref VALUES(39,2008);
INSERT INTO _research_year_ref VALUES(46,2008);
INSERT INTO _research_year_ref VALUES(54,2008);
INSERT INTO _research_year_ref VALUES(58,2008);
INSERT INTO _research_year_ref VALUES(85,2008);
INSERT INTO _research_year_ref VALUES(100,2008);
INSERT INTO _research_year_ref VALUES(125,2008);
INSERT INTO _research_year_ref VALUES(136,2008);
INSERT INTO _research_year_ref VALUES(138,2008);
INSERT INTO _research_year_ref VALUES(158,2008);
INSERT INTO _research_year_ref VALUES(9,2009);
INSERT INTO _research_year_ref VALUES(11,2009);
INSERT INTO _research_year_ref VALUES(18,2009);
INSERT INTO _research_year_ref VALUES(29,2009);
INSERT INTO _research_year_ref VALUES(35,2009);
INSERT INTO _research_year_ref VALUES(39,2009);
INSERT INTO _research_year_ref VALUES(54,2009);
INSERT INTO _research_year_ref VALUES(85,2009);
INSERT INTO _research_year_ref VALUES(89,2009);
INSERT INTO _research_year_ref VALUES(99,2009);
INSERT INTO _research_year_ref VALUES(100,2009);
INSERT INTO _research_year_ref VALUES(102,2009);
INSERT INTO _research_year_ref VALUES(125,2009);
INSERT INTO _research_year_ref VALUES(126,2009);
INSERT INTO _research_year_ref VALUES(127,2009);
INSERT INTO _research_year_ref VALUES(138,2009);
INSERT INTO _research_year_ref VALUES(158,2009);
INSERT INTO _research_year_ref VALUES(11,2010);
INSERT INTO _research_year_ref VALUES(19,2010);
INSERT INTO _research_year_ref VALUES(31,2010);
INSERT INTO _research_year_ref VALUES(36,2010);
INSERT INTO _research_year_ref VALUES(48,2010);
INSERT INTO _research_year_ref VALUES(54,2010);
INSERT INTO _research_year_ref VALUES(56,2010);
INSERT INTO _research_year_ref VALUES(88,2010);
INSERT INTO _research_year_ref VALUES(89,2010);
INSERT INTO _research_year_ref VALUES(90,2010);
INSERT INTO _research_year_ref VALUES(93,2010);
INSERT INTO _research_year_ref VALUES(94,2010);
INSERT INTO _research_year_ref VALUES(99,2010);
INSERT INTO _research_year_ref VALUES(102,2010);
INSERT INTO _research_year_ref VALUES(127,2010);
INSERT INTO _research_year_ref VALUES(1,2011);
INSERT INTO _research_year_ref VALUES(19,2011);
INSERT INTO _research_year_ref VALUES(22,2011);
INSERT INTO _research_year_ref VALUES(33,2011);
INSERT INTO _research_year_ref VALUES(34,2011);
INSERT INTO _research_year_ref VALUES(43,2011);
INSERT INTO _research_year_ref VALUES(55,2011);
INSERT INTO _research_year_ref VALUES(56,2011);
INSERT INTO _research_year_ref VALUES(63,2011);
INSERT INTO _research_year_ref VALUES(66,2011);
INSERT INTO _research_year_ref VALUES(68,2011);
INSERT INTO _research_year_ref VALUES(84,2011);
INSERT INTO _research_year_ref VALUES(88,2011);
INSERT INTO _research_year_ref VALUES(90,2011);
INSERT INTO _research_year_ref VALUES(93,2011);
INSERT INTO _research_year_ref VALUES(94,2011);
INSERT INTO _research_year_ref VALUES(95,2011);
INSERT INTO _research_year_ref VALUES(123,2011);
INSERT INTO _research_year_ref VALUES(151,2011);
INSERT INTO _research_year_ref VALUES(16,2012);
INSERT INTO _research_year_ref VALUES(30,2012);
INSERT INTO _research_year_ref VALUES(32,2012);
INSERT INTO _research_year_ref VALUES(33,2012);
INSERT INTO _research_year_ref VALUES(34,2012);
INSERT INTO _research_year_ref VALUES(37,2012);
INSERT INTO _research_year_ref VALUES(43,2012);
INSERT INTO _research_year_ref VALUES(49,2012);
INSERT INTO _research_year_ref VALUES(52,2012);
INSERT INTO _research_year_ref VALUES(53,2012);
INSERT INTO _research_year_ref VALUES(55,2012);
INSERT INTO _research_year_ref VALUES(56,2012);
INSERT INTO _research_year_ref VALUES(63,2012);
INSERT INTO _research_year_ref VALUES(66,2012);
INSERT INTO _research_year_ref VALUES(68,2012);
INSERT INTO _research_year_ref VALUES(97,2012);
INSERT INTO _research_year_ref VALUES(123,2012);
INSERT INTO _research_year_ref VALUES(130,2012);
INSERT INTO _research_year_ref VALUES(135,2012);
INSERT INTO _research_year_ref VALUES(151,2012);
INSERT INTO _research_year_ref VALUES(152,2012);
INSERT INTO _research_year_ref VALUES(162,2012);
INSERT INTO _research_year_ref VALUES(32,2013);
INSERT INTO _research_year_ref VALUES(37,2013);
INSERT INTO _research_year_ref VALUES(47,2013);
INSERT INTO _research_year_ref VALUES(49,2013);
INSERT INTO _research_year_ref VALUES(52,2013);
INSERT INTO _research_year_ref VALUES(53,2013);
INSERT INTO _research_year_ref VALUES(55,2013);
INSERT INTO _research_year_ref VALUES(61,2013);
INSERT INTO _research_year_ref VALUES(63,2013);
INSERT INTO _research_year_ref VALUES(66,2013);
INSERT INTO _research_year_ref VALUES(68,2013);
INSERT INTO _research_year_ref VALUES(79,2013);
INSERT INTO _research_year_ref VALUES(80,2013);
INSERT INTO _research_year_ref VALUES(97,2013);
INSERT INTO _research_year_ref VALUES(135,2013);
INSERT INTO _research_year_ref VALUES(151,2013);
INSERT INTO _research_year_ref VALUES(154,2013);
INSERT INTO _research_year_ref VALUES(162,2013);
INSERT INTO _research_year_ref VALUES(167,2013);
INSERT INTO _research_year_ref VALUES(47,2014);
INSERT INTO _research_year_ref VALUES(53,2014);
INSERT INTO _research_year_ref VALUES(57,2014);
INSERT INTO _research_year_ref VALUES(79,2014);
INSERT INTO _research_year_ref VALUES(167,2014);
INSERT INTO _research_year_ref VALUES(79,2015);
INSERT INTO _research_year_ref VALUES(82,2015);
INSERT INTO _research_year_ref VALUES(67,2016);
INSERT INTO _research_year_ref VALUES(78,2016);
INSERT INTO _research_year_ref VALUES(82,2016);
INSERT INTO _research_year_ref VALUES(78,2017);
INSERT INTO _research_year_ref VALUES(81,2017);
INSERT INTO _research_year_ref VALUES(163,2017);
INSERT INTO _research_year_ref VALUES(168,2019);
INSERT INTO _research_year_ref VALUES(169,2018);
INSERT INTO _research_year_ref VALUES(170,2014);
INSERT INTO _research_year_ref VALUES(170,2015);
INSERT INTO _research_year_ref VALUES(170,2016);
INSERT INTO _research_year_ref VALUES(173,2019);
INSERT INTO _research_year_ref VALUES(174,2013);
INSERT INTO _research_year_ref VALUES(174,2014);
INSERT INTO _research_year_ref VALUES(174,2015);
INSERT INTO _research_year_ref VALUES(174,2016);
INSERT INTO _research_year_ref VALUES(175,2013);
INSERT INTO _research_year_ref VALUES(175,2014);
INSERT INTO _research_year_ref VALUES(175,2015);
INSERT INTO _research_year_ref VALUES(175,2016);
INSERT INTO _research_year_ref VALUES(176,2011);
INSERT INTO _research_year_ref VALUES(176,2012);
INSERT INTO _research_year_ref VALUES(177,2016);
INSERT INTO _research_year_ref VALUES(178,2011);
INSERT INTO _research_year_ref VALUES(178,2012);
INSERT INTO _research_year_ref VALUES(178,2013);
INSERT INTO _research_year_ref VALUES(178,2014);
INSERT INTO _research_year_ref VALUES(178,2015);
INSERT INTO _research_year_ref VALUES(178,2016);
CREATE TABLE IF NOT EXISTS "_urbanicity" (
	"urbanicity_id"	INTEGER NOT NULL,
	"urbanicity_class"	TEXT NOT NULL,
	PRIMARY KEY("urbanicity_id")
);
INSERT INTO _urbanicity VALUES(1,'Rural');
INSERT INTO _urbanicity VALUES(2,'Urban');
INSERT INTO _urbanicity VALUES(3,'Reservation');
CREATE TABLE IF NOT EXISTS "_urbanicity_ref" (
	"study_id"	INTEGER NOT NULL,
	"urbanicity_id"	INTEGER NOT NULL
);
INSERT INTO _urbanicity_ref VALUES(29,1);
INSERT INTO _urbanicity_ref VALUES(30,1);
INSERT INTO _urbanicity_ref VALUES(31,1);
INSERT INTO _urbanicity_ref VALUES(32,1);
INSERT INTO _urbanicity_ref VALUES(33,1);
INSERT INTO _urbanicity_ref VALUES(34,1);
INSERT INTO _urbanicity_ref VALUES(36,1);
INSERT INTO _urbanicity_ref VALUES(37,1);
INSERT INTO _urbanicity_ref VALUES(68,1);
INSERT INTO _urbanicity_ref VALUES(78,1);
INSERT INTO _urbanicity_ref VALUES(88,1);
INSERT INTO _urbanicity_ref VALUES(95,1);
INSERT INTO _urbanicity_ref VALUES(125,1);
INSERT INTO _urbanicity_ref VALUES(127,1);
INSERT INTO _urbanicity_ref VALUES(154,1);
INSERT INTO _urbanicity_ref VALUES(1,2);
INSERT INTO _urbanicity_ref VALUES(5,2);
INSERT INTO _urbanicity_ref VALUES(6,2);
INSERT INTO _urbanicity_ref VALUES(7,2);
INSERT INTO _urbanicity_ref VALUES(9,2);
INSERT INTO _urbanicity_ref VALUES(11,2);
INSERT INTO _urbanicity_ref VALUES(16,2);
INSERT INTO _urbanicity_ref VALUES(18,2);
INSERT INTO _urbanicity_ref VALUES(19,2);
INSERT INTO _urbanicity_ref VALUES(20,2);
INSERT INTO _urbanicity_ref VALUES(21,2);
INSERT INTO _urbanicity_ref VALUES(22,2);
INSERT INTO _urbanicity_ref VALUES(24,2);
INSERT INTO _urbanicity_ref VALUES(29,2);
INSERT INTO _urbanicity_ref VALUES(30,2);
INSERT INTO _urbanicity_ref VALUES(31,2);
INSERT INTO _urbanicity_ref VALUES(33,2);
INSERT INTO _urbanicity_ref VALUES(34,2);
INSERT INTO _urbanicity_ref VALUES(35,2);
INSERT INTO _urbanicity_ref VALUES(36,2);
INSERT INTO _urbanicity_ref VALUES(37,2);
INSERT INTO _urbanicity_ref VALUES(39,2);
INSERT INTO _urbanicity_ref VALUES(43,2);
INSERT INTO _urbanicity_ref VALUES(46,2);
INSERT INTO _urbanicity_ref VALUES(47,2);
INSERT INTO _urbanicity_ref VALUES(48,2);
INSERT INTO _urbanicity_ref VALUES(49,2);
INSERT INTO _urbanicity_ref VALUES(52,2);
INSERT INTO _urbanicity_ref VALUES(53,2);
INSERT INTO _urbanicity_ref VALUES(55,2);
INSERT INTO _urbanicity_ref VALUES(56,2);
INSERT INTO _urbanicity_ref VALUES(57,2);
INSERT INTO _urbanicity_ref VALUES(58,2);
INSERT INTO _urbanicity_ref VALUES(59,2);
INSERT INTO _urbanicity_ref VALUES(61,2);
INSERT INTO _urbanicity_ref VALUES(63,2);
INSERT INTO _urbanicity_ref VALUES(65,2);
INSERT INTO _urbanicity_ref VALUES(66,2);
INSERT INTO _urbanicity_ref VALUES(78,2);
INSERT INTO _urbanicity_ref VALUES(80,2);
INSERT INTO _urbanicity_ref VALUES(81,2);
INSERT INTO _urbanicity_ref VALUES(82,2);
INSERT INTO _urbanicity_ref VALUES(84,2);
INSERT INTO _urbanicity_ref VALUES(85,2);
INSERT INTO _urbanicity_ref VALUES(89,2);
INSERT INTO _urbanicity_ref VALUES(90,2);
INSERT INTO _urbanicity_ref VALUES(93,2);
INSERT INTO _urbanicity_ref VALUES(94,2);
INSERT INTO _urbanicity_ref VALUES(95,2);
INSERT INTO _urbanicity_ref VALUES(97,2);
INSERT INTO _urbanicity_ref VALUES(99,2);
INSERT INTO _urbanicity_ref VALUES(100,2);
INSERT INTO _urbanicity_ref VALUES(102,2);
INSERT INTO _urbanicity_ref VALUES(123,2);
INSERT INTO _urbanicity_ref VALUES(125,2);
INSERT INTO _urbanicity_ref VALUES(127,2);
INSERT INTO _urbanicity_ref VALUES(135,2);
INSERT INTO _urbanicity_ref VALUES(151,2);
INSERT INTO _urbanicity_ref VALUES(152,2);
INSERT INTO _urbanicity_ref VALUES(154,2);
INSERT INTO _urbanicity_ref VALUES(158,2);
INSERT INTO _urbanicity_ref VALUES(162,2);
INSERT INTO _urbanicity_ref VALUES(167,2);
INSERT INTO _urbanicity_ref VALUES(166,2);
INSERT INTO _urbanicity_ref VALUES(69,3);
INSERT INTO _urbanicity_ref VALUES(169,2);
INSERT INTO _urbanicity_ref VALUES(170,1);
INSERT INTO _urbanicity_ref VALUES(171,2);
CREATE TABLE IF NOT EXISTS "_target_ref" (
	"study_id"	INTEGER NOT NULL,
	"disease_id"	INTEGER NOT NULL
);
INSERT INTO _target_ref VALUES(1,2);
INSERT INTO _target_ref VALUES(5,13);
INSERT INTO _target_ref VALUES(6,13);
INSERT INTO _target_ref VALUES(7,6);
INSERT INTO _target_ref VALUES(7,13);
INSERT INTO _target_ref VALUES(9,3);
INSERT INTO _target_ref VALUES(11,6);
INSERT INTO _target_ref VALUES(11,13);
INSERT INTO _target_ref VALUES(14,6);
INSERT INTO _target_ref VALUES(15,3);
INSERT INTO _target_ref VALUES(16,2);
INSERT INTO _target_ref VALUES(18,6);
INSERT INTO _target_ref VALUES(18,11);
INSERT INTO _target_ref VALUES(18,15);
INSERT INTO _target_ref VALUES(19,6);
INSERT INTO _target_ref VALUES(20,2);
INSERT INTO _target_ref VALUES(21,2);
INSERT INTO _target_ref VALUES(22,6);
INSERT INTO _target_ref VALUES(24,2);
INSERT INTO _target_ref VALUES(29,3);
INSERT INTO _target_ref VALUES(30,3);
INSERT INTO _target_ref VALUES(31,11);
INSERT INTO _target_ref VALUES(31,15);
INSERT INTO _target_ref VALUES(31,3);
INSERT INTO _target_ref VALUES(32,11);
INSERT INTO _target_ref VALUES(32,3);
INSERT INTO _target_ref VALUES(33,6);
INSERT INTO _target_ref VALUES(34,6);
INSERT INTO _target_ref VALUES(35,6);
INSERT INTO _target_ref VALUES(35,11);
INSERT INTO _target_ref VALUES(36,2);
INSERT INTO _target_ref VALUES(36,6);
INSERT INTO _target_ref VALUES(37,2);
INSERT INTO _target_ref VALUES(37,6);
INSERT INTO _target_ref VALUES(39,2);
INSERT INTO _target_ref VALUES(43,2);
INSERT INTO _target_ref VALUES(46,11);
INSERT INTO _target_ref VALUES(46,15);
INSERT INTO _target_ref VALUES(46,3);
INSERT INTO _target_ref VALUES(47,11);
INSERT INTO _target_ref VALUES(47,15);
INSERT INTO _target_ref VALUES(47,3);
INSERT INTO _target_ref VALUES(48,17);
INSERT INTO _target_ref VALUES(48,13);
INSERT INTO _target_ref VALUES(48,11);
INSERT INTO _target_ref VALUES(48,15);
INSERT INTO _target_ref VALUES(49,11);
INSERT INTO _target_ref VALUES(49,15);
INSERT INTO _target_ref VALUES(49,3);
INSERT INTO _target_ref VALUES(52,6);
INSERT INTO _target_ref VALUES(53,6);
INSERT INTO _target_ref VALUES(53,6);
INSERT INTO _target_ref VALUES(54,3);
INSERT INTO _target_ref VALUES(55,11);
INSERT INTO _target_ref VALUES(55,15);
INSERT INTO _target_ref VALUES(55,3);
INSERT INTO _target_ref VALUES(56,3);
INSERT INTO _target_ref VALUES(57,3);
INSERT INTO _target_ref VALUES(58,2);
INSERT INTO _target_ref VALUES(59,2);
INSERT INTO _target_ref VALUES(61,3);
INSERT INTO _target_ref VALUES(63,3);
INSERT INTO _target_ref VALUES(65,3);
INSERT INTO _target_ref VALUES(66,3);
INSERT INTO _target_ref VALUES(67,3);
INSERT INTO _target_ref VALUES(68,3);
INSERT INTO _target_ref VALUES(69,3);
INSERT INTO _target_ref VALUES(74,6);
INSERT INTO _target_ref VALUES(74,13);
INSERT INTO _target_ref VALUES(78,6);
INSERT INTO _target_ref VALUES(79,6);
INSERT INTO _target_ref VALUES(79,15);
INSERT INTO _target_ref VALUES(80,3);
INSERT INTO _target_ref VALUES(81,3);
INSERT INTO _target_ref VALUES(82,3);
INSERT INTO _target_ref VALUES(84,3);
INSERT INTO _target_ref VALUES(85,3);
INSERT INTO _target_ref VALUES(88,3);
INSERT INTO _target_ref VALUES(89,2);
INSERT INTO _target_ref VALUES(89,1);
INSERT INTO _target_ref VALUES(89,3);
INSERT INTO _target_ref VALUES(90,3);
INSERT INTO _target_ref VALUES(93,6);
INSERT INTO _target_ref VALUES(93,11);
INSERT INTO _target_ref VALUES(93,15);
INSERT INTO _target_ref VALUES(93,3);
INSERT INTO _target_ref VALUES(94,3);
INSERT INTO _target_ref VALUES(95,11);
INSERT INTO _target_ref VALUES(95,15);
INSERT INTO _target_ref VALUES(95,3);
INSERT INTO _target_ref VALUES(97,3);
INSERT INTO _target_ref VALUES(99,3);
INSERT INTO _target_ref VALUES(100,11);
INSERT INTO _target_ref VALUES(100,15);
INSERT INTO _target_ref VALUES(100,3);
INSERT INTO _target_ref VALUES(102,11);
INSERT INTO _target_ref VALUES(102,15);
INSERT INTO _target_ref VALUES(102,3);
INSERT INTO _target_ref VALUES(123,2);
INSERT INTO _target_ref VALUES(123,6);
INSERT INTO _target_ref VALUES(125,11);
INSERT INTO _target_ref VALUES(125,15);
INSERT INTO _target_ref VALUES(125,3);
INSERT INTO _target_ref VALUES(126,15);
INSERT INTO _target_ref VALUES(126,3);
INSERT INTO _target_ref VALUES(127,17);
INSERT INTO _target_ref VALUES(127,11);
INSERT INTO _target_ref VALUES(127,15);
INSERT INTO _target_ref VALUES(130,3);
INSERT INTO _target_ref VALUES(135,3);
INSERT INTO _target_ref VALUES(136,3);
INSERT INTO _target_ref VALUES(138,11);
INSERT INTO _target_ref VALUES(138,15);
INSERT INTO _target_ref VALUES(138,3);
INSERT INTO _target_ref VALUES(151,3);
INSERT INTO _target_ref VALUES(152,17);
INSERT INTO _target_ref VALUES(152,11);
INSERT INTO _target_ref VALUES(152,3);
INSERT INTO _target_ref VALUES(152,12);
INSERT INTO _target_ref VALUES(154,3);
INSERT INTO _target_ref VALUES(158,3);
INSERT INTO _target_ref VALUES(161,3);
INSERT INTO _target_ref VALUES(162,3);
INSERT INTO _target_ref VALUES(163,3);
INSERT INTO _target_ref VALUES(165,3);
INSERT INTO _target_ref VALUES(166,3);
INSERT INTO _target_ref VALUES(167,3);
INSERT INTO _target_ref VALUES(168,3);
INSERT INTO _target_ref VALUES(169,3);
INSERT INTO _target_ref VALUES(170,3);
INSERT INTO _target_ref VALUES(171,3);
INSERT INTO _target_ref VALUES(172,3);
INSERT INTO _target_ref VALUES(173,6);
INSERT INTO _target_ref VALUES(174,2);
INSERT INTO _target_ref VALUES(175,2);
INSERT INTO _target_ref VALUES(176,6);
INSERT INTO _target_ref VALUES(177,3);
INSERT INTO _target_ref VALUES(178,6);
CREATE TABLE IF NOT EXISTS "_research_year" (
	"research_year"	INTEGER NOT NULL,
	"research_year_event"	TEXT,
	PRIMARY KEY("research_year")
);
INSERT INTO _research_year VALUES(1998,NULL);
INSERT INTO _research_year VALUES(1999,NULL);
INSERT INTO _research_year VALUES(2004,NULL);
INSERT INTO _research_year VALUES(2005,NULL);
INSERT INTO _research_year VALUES(2006,NULL);
INSERT INTO _research_year VALUES(2007,NULL);
INSERT INTO _research_year VALUES(2008,NULL);
INSERT INTO _research_year VALUES(2009,NULL);
INSERT INTO _research_year VALUES(2010,NULL);
INSERT INTO _research_year VALUES(2011,NULL);
INSERT INTO _research_year VALUES(2012,NULL);
INSERT INTO _research_year VALUES(2013,NULL);
INSERT INTO _research_year VALUES(2014,NULL);
INSERT INTO _research_year VALUES(2015,NULL);
INSERT INTO _research_year VALUES(2016,NULL);
INSERT INTO _research_year VALUES(2017,NULL);
CREATE TABLE IF NOT EXISTS "_main" (
	"study_id"	INTEGER NOT NULL,
	"first_author"	TEXT NOT NULL,
	"publish_year"	INTEGER NOT NULL,
	"sys_rev_id"	INTEGER,
	"title"	TEXT NOT NULL,
	"doi"	TEXT,
	PRIMARY KEY("study_id")
);
INSERT INTO _main VALUES(1,'Ahlers-Schmidt',2012,8,'Feasibility of a randomized controlled trial to evaluate Text Reminders for Immunization Compliance in Kids (TRICKs)','10.1016/j.vaccine.2012.06.058');
INSERT INTO _main VALUES(5,'Coyle',2004,8,'Improving the rates of inpatient pneumococcal vaccination: Impact of standing orders versus computerized reminders to physicians ','10.1086/502317');
INSERT INTO _main VALUES(6,'Dexheimer',2011,8,'A computerized pneumococcal vaccination reminder system in the adult emergency department','10.1016/j.vaccine.2011.07.032');
INSERT INTO _main VALUES(7,'Dexter',2004,8,'Inpatient Computer-Based Standing Orders vs Physician Reminders to Increase Influenza and Pneumococcal Vaccination Rates','10.1001/jama.292.19.2366');
INSERT INTO _main VALUES(9,'Kharbanda',2011,8,'Text message reminders to promote human papillomavirus vaccination','10.1016/j.vaccine.2011.01.065');
INSERT INTO _main VALUES(11,'Loo',2011,8,'Electronic Medical Record Reminders and Panel Management to Improve Primary Care of Elderly Patients','10.1001/archinternmed.2011.394');
INSERT INTO _main VALUES(14,'Moniz',2013,8,'Improving Influenza Vaccination Rates in Pregnancy Through Text Messaging','10.1097/aog.0b013e31828642b1');
INSERT INTO _main VALUES(15,'Nan',2012,8,'HPV Vaccine Information in the Blogosphere: How Positive and Negative Blogs Influence Vaccine-Related Risk Perceptions, Attitudes, and Behavioral Intentions','10.1080/10410236.2012.661348');
INSERT INTO _main VALUES(16,'Peck',2012,8,'Smartphone Preventive Health Care: Parental Use of an Immunization Reminder System','10.1016/j.pedhc.2012.09.005');
INSERT INTO _main VALUES(18,'Stockwell',2012,8,'Text4Health: Impact of Text Message Reminder–Recalls for Pediatric and Adolescent Immunizations','10.2105/ajph.2011.300331');
INSERT INTO _main VALUES(19,'Stockwell',2012,8,'Effect of a Text Messaging Intervention on Influenza Vaccination in an Urban, Low-Income Pediatric and Adolescent Population: A Randomized Controlled Trial','10.1001/jama.2012.502');
INSERT INTO _main VALUES(20,'Findley',2008,9,'Effectiveness of a Community Coalition for Improving Child Vaccination Rates in New York City','10.2105/ajph.2007.121046');
INSERT INTO _main VALUES(21,'Fu',2012,9,'Improving the Quality of Immunization Delivery to an At Risk Population: A Comprehensive Approach','10.1542/peds.2010-3610');
INSERT INTO _main VALUES(22,'Suryadevara',2013,9,'Community-Centered Education Improves Vaccination Rates in Children From Low-Income Households','10.1542/peds.2012-3927');
INSERT INTO _main VALUES(24,'Hambidge',2009,9,'A Stepped Intervention Increases Well-Child Care and Immunization Rates in a Disadvantaged Population','10.1542/peds.2008-0446');
INSERT INTO _main VALUES(29,'Cates',2011,9,'Evaluating a County-Sponsored Social Marketing Campaign to Increase Mothers ''Initiation of HPV Vaccine for Their Preteen Daughters in a Primarily Rural Area','10.1080/15245004.2010.546943');
INSERT INTO _main VALUES(30,'Cates',2014,9,'Intervention effects from a social marketing campaign to promote HPV vaccination in preteen boys','10.1016/j.vaccine.2014.05.044');
INSERT INTO _main VALUES(31,'Moss',2012,9,'Increasing adolescent immunization by webinar: A brief provider intervention at federally qualified health centers','10.1016/j.vaccine.2012.05.042');
INSERT INTO _main VALUES(32,'Chung',2015,9,'Keen on Teen Vaccines: Improvement of Adolescent Vaccine Coverage in Rural North Carolina','10.1016/j.jadohealth.2014.10.272');
INSERT INTO _main VALUES(33,'Nowalk',2014,9,'Increasing Childhood Influenza Vaccination',NULL);
INSERT INTO _main VALUES(34,'Zimmerman',2014,9,'Cluster randomized trial of a toolkit and early vaccine delivery to improve childhood influenza vaccination rates in primary care','10.1016/j.vaccine.2014.04.057');
INSERT INTO _main VALUES(35,'Logue',2011,9,'An Opt-Out Influenza Vaccination Policy Improves Immunization Rates in Primary Care',NULL);
INSERT INTO _main VALUES(36,'Kempe',2013,9,'Population-Based Versus Practice-Based Recall for Childhood Immunizations: A Randomized Controlled Comparative Effectiveness Trial','10.2105/ajph.2012.301035');
INSERT INTO _main VALUES(37,'Kempe',2015,9,'Collaborative Centralized Reminder/Recall Notification to Increase Immunization Rates Among Young Children','10.1001/jamapediatrics.2014.3670');
INSERT INTO _main VALUES(39,'Dombkowski',2014,9,'Age-Specific Strategies for Immunization Reminders and Recalls','10.1016/j.amepre.2014.02.009');
INSERT INTO _main VALUES(43,'Hofstetter',2015,9,'Text message reminders for timely routine MMR vaccination: A randomized controlled trial','10.1016/j.vaccine.2015.09.042');
INSERT INTO _main VALUES(46,'Szilagyi',2011,9,'Effectiveness of a Citywide Patient Immunization Navigator Program on Improving Adolescent Immunizations and Preventive Care Visit Rates','10.1001/archpediatrics.2011.73');
INSERT INTO _main VALUES(47,'Bar-Shain',2015,9,'Direct Messaging to Parents/Guardians to Improve Adolescent Immunizations','10.1016/j.jadohealth.2014.11.023');
INSERT INTO _main VALUES(48,'Brigham',2012,9,'Randomized Controlled Trial of an Immunization Recall Intervention for Adolescents','10.1542/peds.2012-0471');
INSERT INTO _main VALUES(49,'Morris',2015,9,'Comparison of Reminder Methods in Selected Adolescents With Records in an Immunization Registry','10.1016/j.jadohealth.2015.01.010');
INSERT INTO _main VALUES(52,'Stockwell',2015,9,'Text Message Reminders for Second Dose of Influenza Vaccine: A Randomized Controlled Trial','10.1542/peds.2014-2475');
INSERT INTO _main VALUES(53,'Hofstetter',2015,9,'Impacting Delayed Pediatric Influenza Vaccination','10.1016/j.amepre.2014.10.023');
INSERT INTO _main VALUES(54,'Ruffin',2015,9,'Impact of an Electronic Health Record (EHR) Reminder on Human Papillomavirus (HPV) Vaccine Initiation and Timely Completion','10.3122/jabfm.2015.03.140082');
INSERT INTO _main VALUES(55,'Szilagyi',2015,9,'Effect of Provider Prompts on Adolescent Immunization Rates: A Randomized Trial','10.1016/j.acap.2014.10.006');
INSERT INTO _main VALUES(56,'DiClemente',2015,9,'Overcoming barriers to HPV vaccination: A randomized clinical trial of a culturally-tailored, media intervention among African American girls','10.1080/21645515.2015.1070996');
INSERT INTO _main VALUES(57,'Rickert',2015,9,'School-based HPV immunization of young adolescents: Effects of two brief health interventions','10.1080/21645515.2014.1004022');
INSERT INTO _main VALUES(58,'Vora',2009,9,'Effect of a novel birth intervention and reminder-recall on on-time immunization compliance in high-risk children','10.4161/hv.5.6.7282');
INSERT INTO _main VALUES(59,'Meghea',2011,9,'Infant health effects of a nurse-community health worker home visitation programme: a randomized controlled trial','10.1111/j.1365-2214.2012.01370.x');
INSERT INTO _main VALUES(61,'Chao',2015,10,'A Randomized Intervention of Reminder Letter for Human Papillomavirus Vaccine Series Completion','10.1016/j.jadohealth.2014.08.014');
INSERT INTO _main VALUES(63,'Joseph',2016,10,'Brief Client-Centered Motivational and Behavioral Intervention to Promote HPV Vaccination in a Hard-to-Reach Population','10.1177/0009922815616244');
INSERT INTO _main VALUES(65,'Lee',2018,10,'Using narrative intervention for HPV vaccine behavior change among Khmer mothers and daughters: A pilot RCT to examine feasibility, acceptability, and preliminary effectiveness','10.1016/j.apnr.2017.12.008');
INSERT INTO _main VALUES(66,'Parra-Medina',2015,10,'Promotora Outreach, Education and Navigation Support for HPV Vaccination to Hispanic Women with Unvaccinated Daughters','10.1007/s13187-014-0680-4');
INSERT INTO _main VALUES(67,'Reiter',2018,10,'Increasing Human Papillomavirus Vaccination Among Young Gay and Bisexual Men: A Randomized Pilot Trial of the Outsmart HPV Intervention','10.1089/lgbt.2018.0059');
INSERT INTO _main VALUES(68,'Richman',2016,10,'A randomized intervention study to evaluate whether electronic messaging can increase human papillomavirus vaccine completion and knowledge among college students','10.1080/07448481.2015.1117466');
INSERT INTO _main VALUES(69,'Winer',2016,10,'A cluster-randimized trial to evaluate a mother-daughter dyadic educational intervention for increasing HPV vaccination coverage in American Indian girls','10.1007/s10900-015-0093-2');
INSERT INTO _main VALUES(74,'Yonas',2018,2,'Examining Structural and Clinical Factors Associated with Implementation of Standing Orders for Adult Immunization','10.1111/j.1945-1474.2011.00144.x ');
INSERT INTO _main VALUES(78,'Lu',2018,2,'Association of provider recommendation and offer and influenza vaccination among adults aged ≥18 years – United States','10.1016/j.vaccine.2017.12.016 ');
INSERT INTO _main VALUES(79,'Hawk',2017,2,'Using a Mixed Methods Approach to Examine Practice Characteristics Associated With Implementation of an Adult Immunization Intervention Using the 4 Pillars Practice Transformation Program','10.1097/jhq.0000000000000071');
INSERT INTO _main VALUES(80,'Bennett',2015,1,'Human Papillomavirus Vaccine Uptake After a Tailored, Online Educational Intervention for Female University Students: A Randomized Controlled Trial','10.1089/jwh.2015.5251');
INSERT INTO _main VALUES(81,'Cory',2019,1,'Effects of Educational Interventions on Human Papillomavirus Vaccine Acceptability','10.1097/aog.0000000000003379');
INSERT INTO _main VALUES(82,'Hayes',2019,1,'Evaluation of targeted human papillomavirus vaccination education among undergraduate college students','10.1080/07448481.2018.1515742');
INSERT INTO _main VALUES(84,'Paiva',2013,1,'Evaluation of the Acceptability and Feasibility of a Computer-Tailored Intervention to Increase Human Papillomavirus Vaccination Among Young Adult Women','10.1080/07448481.2013.843534');
INSERT INTO _main VALUES(85,'Patel',2012,1,'Human Papillomavirus Vaccine Intent and Uptake Among Female College Students','10.1080/07448481.2011.580028');
INSERT INTO _main VALUES(88,'Vanderpool',2013,1,'"1-2-3 Pap" Intervention Improves HPV Vaccine Series Completion Among Appalachian Women','10.1111/jcom.12001');
INSERT INTO _main VALUES(89,'Bundy',2013,3,'Improving Immunization Delivery using an Electronic Health Record: The ImmProve Project','10.1016/j.acap.2013.03.004');
INSERT INTO _main VALUES(90,'Cassidy',2014,3,'A Quality Improvement Initiative to Increase HPV Vaccine Rates Using an Educational and Reminder Strategy With Parents of Preteen Girls','10.1016/j.pedhc.2013.01.002');
INSERT INTO _main VALUES(93,'Daley',2014,3,'School-Located Vaccination of Adolescents With Insurance Billing: Cost, Reimbursement, and Vaccination Outcomes','10.1016/j.jadohealth.2013.12.011');
INSERT INTO _main VALUES(94,'Fiks',2013,3,'Effectiveness of Decision Support for Families, Clinicians, or Both on HPV Vaccine Receipt','10.1542/peds.2012-3122');
INSERT INTO _main VALUES(95,'Gilkey',2014,3,'Increasing Provision of Adolescent Vaccines in Primary Care: A Randomized Controlled Trial','10.1542/peds.2013-4257');
INSERT INTO _main VALUES(97,'Matheson',2014,3,'Increasing HPV Vaccination Series Completion Rates via Text Message Reminders','10.1016/j.pedhc.2013.09.001');
INSERT INTO _main VALUES(99,'Stubbs',2014,3,'Evaluation of an Intervention Providing HPV Vaccine in Schools','10.5993/ajhb.38.1.10');
INSERT INTO _main VALUES(100,'Suh',2012,3,'Effectiveness and Net Cost of Reminder/Recall for Adolescent Immunizations','10.1542/peds.2011-1714');
INSERT INTO _main VALUES(102,'Szilaqyj',2013,3,'A Randomized Trial of the Effect of Centralized Reminder/Recall on Immunizations and Preventive Care Visits for Adolescents','10.1016/j.acap.2013.01.002');
INSERT INTO _main VALUES(123,'Papachrisanthou',2016,5,'Increasing Immunization Adherence Among Infants of Low-income Parents: The Effects of Visually Enhanced Education','10.1016/j.nurpra.2015.12.021');
INSERT INTO _main VALUES(125,'Bugensk',2012,6,'Middle School Vaccination Requirements and Adolescent Vaccination Coverage','10.1542/peds.2011-2641');
INSERT INTO _main VALUES(126,'Dempsey',2011,6,'Human papillomavirus vaccination rates and state mandates for tetanus-containing vaccines','10.1016/j.ypmed.2010.12.010');
INSERT INTO _main VALUES(127,'Potter',2014,6,'Adolescent Immunization Coverage and Implementation of New School Requirements in Michigan, 2010','10.2105/ajph.2014.301910');
INSERT INTO _main VALUES(130,'Patel',2014,6,'Staying on track: A cluster randomized controlled trial of automated reminders aimed at increasing human papillomavirus vaccine completion','10.1016/j.vaccine.2014.02.095');
INSERT INTO _main VALUES(135,'Rand',2015,6,'Effectiveness of Centralized Text Message Reminders on Human Papillomavirus Immunization Coverage for Publicly Insured Adolescents','10.1016/j.jadohealth.2014.10.273');
INSERT INTO _main VALUES(136,'Hopfer',2011,6,'Effects of a Narrative HPV Vaccination Intervention Aimed at Reaching College Women: A Randomized Controlled Trial','10.1007/s11121-011-0254-1');
INSERT INTO _main VALUES(138,'Kempe',2012,6,'Effectiveness and Cost of Immunization Recall at School-Based Health Centers','10.1542/peds.2011-2921');
INSERT INTO _main VALUES(151,'Perkins',2015,6,'Effectiveness of a provider-focused intervention to improve HPV vaccination rates in boys and girls','10.1016/j.vaccine.2014.11.021');
INSERT INTO _main VALUES(152,'Pahud',2015,6,'A Pilot Program to Improve Vaccination Status for Hospitalized Children','10.1542/hpeds.2014-0027');
INSERT INTO _main VALUES(154,'Staras',2015,6,'Increasing Human Papillomavirus Vaccine Initiation Among Publicly Insured Florida Adolescents','10.1016/j.jadohealth.2014.11.024');
INSERT INTO _main VALUES(158,'Harper',2014,6,'The influence of free quadrivalent human papillomavirus vaccine (HPV4) on the timely completion of the three dose series','10.1016/j.ypmed.2014.01.007');
INSERT INTO _main VALUES(161,'Lyson',2019,7,'Social Media as a Tool to Promote Health Awareness: Results from an Online Cervical Cancer Prevention Study','10.1007/s13187-018-1379-8');
INSERT INTO _main VALUES(162,'Mohanty',2018,7,'Using Facebook to reach adolescents for human papillomavirus (HPV) vaccination','10.1016/j.vaccine.2018.08.060');
INSERT INTO _main VALUES(163,'Ortiz',2018,7,'Development and Evaluation of a Social Media Health Intervention to Improve Adolescents’ Knowledge About and Vaccination Against the Human Papillomavirus','10.1177/2333794x18777918');
INSERT INTO _main VALUES(165,'Sundstorm',2018,7,'It’s My Time: applying the health belief model to prevent cervical cancer among college-age women','10.1108/jcom-06-2016-0044');
INSERT INTO _main VALUES(166,'Lee',2017,7,'Promoting HPV Vaccination Online: Message Design and Media Choice','10.1177/1524839916688229');
INSERT INTO _main VALUES(167,'Kim',2020,11,'A Storytelling Intervention in a Mobile, Web-Based Platform: A Pilot RCT to Evaluate the Preliminary Effectiveness to Promote HPV Vaccination in Korean American College Women','10.1177/1090198119894589');
INSERT INTO _main VALUES(168,'Gerend',2020,11,'An intervention for increasing HPV vaccination on a university campus','10.1016/j.vaccine.2019.11.028');
INSERT INTO _main VALUES(169,'Gerend',2020,11,'Evaluation of a Text Messaging-Based Human Papillomavirus Vaccination Intervention for Young Sexual Minority Men: Results from a Pilot Randomized Controlled Trial','10.1093/abm/kaaa056');
INSERT INTO _main VALUES(170,'Richman',2019,11,'Text and Email Messaging for Increasing Human Papillomavirus Vaccine Completion among Uninsured or Medicaid-insured Adolescents in Rural Eastern North Carolina','10.1353/hpu.2019.0090');
INSERT INTO _main VALUES(171,'Allen',2020,12,'Feasibility of a twitter campaign topromote HPV vaccine uptake amongracially/ethnically diverse young adultwomen living in public housing','10.1186/s12889-020-08824-0');
INSERT INTO _main VALUES(172,'Brandt',2020,12,'Evaluating a Technology-Mediated HPV Vaccination Awareness Intervention: A Controlled,Quasi-Experimental, Mixed Methods Study','10.3390/vaccines8040749');
INSERT INTO _main VALUES(173,'Bonnevie',2020,12,'Using social media influencers to increase knowledge and positive attitudes toward the flu vaccine','10.1371/journal.pone.0240828');
INSERT INTO _main VALUES(174,'Glanz',2017,12,'Web-based Social Media Intervention to Increase Vaccine Acceptance: A Randomized Controlled Trial','10.1542/peds.2017-1117');
INSERT INTO _main VALUES(175,'Daley',2018,12,'Addressing Parents’Vaccine Concerns: A Randomized Trial of a Social Media Intervention','10.1016/j.amepre.2018.04.010');
INSERT INTO _main VALUES(176,'Shropshire',2013,12,'Mass Media Campaign Impacts Influenza Vaccine Obtainment of University Students','10.1080/07448481.2013.830619');
INSERT INTO _main VALUES(177,'Hughes',2020,12,'Designing and Implementing an Educational Social Media Campaign to Increase HPV Vaccine Awareness among Men on a Large College Campus','10.1080/19325037.2020.1722297');
INSERT INTO _main VALUES(178,'Huang',2018,12,'Community health workers on a college campus:Effects on influenza vaccination','10.1080/07448481.2018.1440582');
CREATE TABLE IF NOT EXISTS "_populations" (
	"pop_id"	INTEGER NOT NULL,
	"pop_class"	TEXT NOT NULL,
	PRIMARY KEY("pop_id")
);
INSERT INTO _populations VALUES(1,'Early childhood');
INSERT INTO _populations VALUES(2,'Childhood');
INSERT INTO _populations VALUES(3,'Adolescent');
INSERT INTO _populations VALUES(4,'Young adult');
INSERT INTO _populations VALUES(5,'Adult');
INSERT INTO _populations VALUES(6,'Prenatal women');
CREATE TABLE IF NOT EXISTS "_populations_ref" (
	"study_id"	INTEGER NOT NULL,
	"pop_id"	INTEGER NOT NULL
);
INSERT INTO _populations_ref VALUES(1,1);
INSERT INTO _populations_ref VALUES(5,5);
INSERT INTO _populations_ref VALUES(6,5);
INSERT INTO _populations_ref VALUES(7,5);
INSERT INTO _populations_ref VALUES(9,3);
INSERT INTO _populations_ref VALUES(11,5);
INSERT INTO _populations_ref VALUES(14,6);
INSERT INTO _populations_ref VALUES(15,4);
INSERT INTO _populations_ref VALUES(16,1);
INSERT INTO _populations_ref VALUES(18,1);
INSERT INTO _populations_ref VALUES(18,3);
INSERT INTO _populations_ref VALUES(19,1);
INSERT INTO _populations_ref VALUES(19,3);
INSERT INTO _populations_ref VALUES(20,1);
INSERT INTO _populations_ref VALUES(21,1);
INSERT INTO _populations_ref VALUES(22,1);
INSERT INTO _populations_ref VALUES(24,1);
INSERT INTO _populations_ref VALUES(29,3);
INSERT INTO _populations_ref VALUES(30,3);
INSERT INTO _populations_ref VALUES(31,3);
INSERT INTO _populations_ref VALUES(32,3);
INSERT INTO _populations_ref VALUES(33,1);
INSERT INTO _populations_ref VALUES(33,3);
INSERT INTO _populations_ref VALUES(34,1);
INSERT INTO _populations_ref VALUES(34,3);
INSERT INTO _populations_ref VALUES(35,1);
INSERT INTO _populations_ref VALUES(35,3);
INSERT INTO _populations_ref VALUES(35,5);
INSERT INTO _populations_ref VALUES(36,1);
INSERT INTO _populations_ref VALUES(37,1);
INSERT INTO _populations_ref VALUES(39,1);
INSERT INTO _populations_ref VALUES(43,1);
INSERT INTO _populations_ref VALUES(46,3);
INSERT INTO _populations_ref VALUES(47,3);
INSERT INTO _populations_ref VALUES(48,3);
INSERT INTO _populations_ref VALUES(49,3);
INSERT INTO _populations_ref VALUES(52,1);
INSERT INTO _populations_ref VALUES(52,2);
INSERT INTO _populations_ref VALUES(53,1);
INSERT INTO _populations_ref VALUES(53,2);
INSERT INTO _populations_ref VALUES(53,3);
INSERT INTO _populations_ref VALUES(54,3);
INSERT INTO _populations_ref VALUES(54,4);
INSERT INTO _populations_ref VALUES(55,3);
INSERT INTO _populations_ref VALUES(56,3);
INSERT INTO _populations_ref VALUES(57,3);
INSERT INTO _populations_ref VALUES(58,1);
INSERT INTO _populations_ref VALUES(59,1);
INSERT INTO _populations_ref VALUES(61,3);
INSERT INTO _populations_ref VALUES(61,4);
INSERT INTO _populations_ref VALUES(63,3);
INSERT INTO _populations_ref VALUES(65,3);
INSERT INTO _populations_ref VALUES(66,3);
INSERT INTO _populations_ref VALUES(67,3);
INSERT INTO _populations_ref VALUES(67,4);
INSERT INTO _populations_ref VALUES(68,4);
INSERT INTO _populations_ref VALUES(69,3);
INSERT INTO _populations_ref VALUES(74,5);
INSERT INTO _populations_ref VALUES(78,5);
INSERT INTO _populations_ref VALUES(79,5);
INSERT INTO _populations_ref VALUES(80,4);
INSERT INTO _populations_ref VALUES(81,4);
INSERT INTO _populations_ref VALUES(81,3);
INSERT INTO _populations_ref VALUES(82,4);
INSERT INTO _populations_ref VALUES(84,4);
INSERT INTO _populations_ref VALUES(85,4);
INSERT INTO _populations_ref VALUES(88,4);
INSERT INTO _populations_ref VALUES(89,1);
INSERT INTO _populations_ref VALUES(89,2);
INSERT INTO _populations_ref VALUES(89,3);
INSERT INTO _populations_ref VALUES(90,3);
INSERT INTO _populations_ref VALUES(93,3);
INSERT INTO _populations_ref VALUES(94,3);
INSERT INTO _populations_ref VALUES(95,3);
INSERT INTO _populations_ref VALUES(97,4);
INSERT INTO _populations_ref VALUES(97,3);
INSERT INTO _populations_ref VALUES(99,3);
INSERT INTO _populations_ref VALUES(100,3);
INSERT INTO _populations_ref VALUES(102,3);
INSERT INTO _populations_ref VALUES(123,1);
INSERT INTO _populations_ref VALUES(125,3);
INSERT INTO _populations_ref VALUES(126,3);
INSERT INTO _populations_ref VALUES(127,3);
INSERT INTO _populations_ref VALUES(130,4);
INSERT INTO _populations_ref VALUES(135,3);
INSERT INTO _populations_ref VALUES(136,4);
INSERT INTO _populations_ref VALUES(138,3);
INSERT INTO _populations_ref VALUES(151,3);
INSERT INTO _populations_ref VALUES(151,4);
INSERT INTO _populations_ref VALUES(152,3);
INSERT INTO _populations_ref VALUES(154,3);
INSERT INTO _populations_ref VALUES(158,4);
INSERT INTO _populations_ref VALUES(158,3);
INSERT INTO _populations_ref VALUES(161,4);
INSERT INTO _populations_ref VALUES(161,5);
INSERT INTO _populations_ref VALUES(162,3);
INSERT INTO _populations_ref VALUES(163,4);
INSERT INTO _populations_ref VALUES(163,3);
INSERT INTO _populations_ref VALUES(165,4);
INSERT INTO _populations_ref VALUES(166,4);
INSERT INTO _populations_ref VALUES(167,4);
INSERT INTO _populations_ref VALUES(168,4);
INSERT INTO _populations_ref VALUES(169,4);
INSERT INTO _populations_ref VALUES(170,3);
INSERT INTO _populations_ref VALUES(171,4);
INSERT INTO _populations_ref VALUES(172,4);
INSERT INTO _populations_ref VALUES(173,5);
INSERT INTO _populations_ref VALUES(174,1);
INSERT INTO _populations_ref VALUES(175,1);
INSERT INTO _populations_ref VALUES(176,5);
INSERT INTO _populations_ref VALUES(177,4);
INSERT INTO _populations_ref VALUES(178,5);
CREATE TABLE IF NOT EXISTS "_target" (
	"disease_id"	INTEGER NOT NULL,
	"disease_name"	TEXT NOT NULL,
	PRIMARY KEY("disease_id")
);
INSERT INTO _target VALUES(1,'Childhood vaccine');
INSERT INTO _target VALUES(2,'Early childhood vaccine');
INSERT INTO _target VALUES(3,'HPV');
INSERT INTO _target VALUES(6,'Influenza');
INSERT INTO _target VALUES(11,'Meningococcal');
INSERT INTO _target VALUES(12,'Other adolescent vaccine');
INSERT INTO _target VALUES(13,'Pneumococcal');
INSERT INTO _target VALUES(15,'Dtap');
INSERT INTO _target VALUES(17,'Varicella');
COMMIT;
